,precision,recall,f1-score,support
0.0,0.7401129943502824,0.42671009771986973,0.5413223140495868,307.0
1.0,0.6437246963562753,0.8736263736263736,0.7412587412587412,364.0
accuracy,0.669150521609538,0.669150521609538,0.669150521609538,0.669150521609538
macro avg,0.6919188453532789,0.6501682356731217,0.641290527654164,671.0
weighted avg,0.6878248565413129,0.669150521609538,0.6497826113731817,671.0
