,precision,recall,f1-score,support
0.0,0.7266881028938906,0.7361563517915309,0.7313915857605178,307.0
1.0,0.775,0.7664835164835165,0.770718232044199,364.0
accuracy,0.7526080476900149,0.7526080476900149,0.7526080476900149,0.7526080476900149
macro avg,0.7508440514469453,0.7513199341375237,0.7510549089023584,671.0
weighted avg,0.7528960470766386,0.7526080476900149,0.7527252657117248,671.0
