,precision,recall,f1-score,support
0.0,0.9732620320855615,0.5928338762214984,0.736842105263158,307.0
1.0,0.7417355371900827,0.9862637362637363,0.8466981132075472,364.0
accuracy,0.8062593144560357,0.8062593144560357,0.8062593144560357,0.8062593144560357
macro avg,0.8574987846378221,0.7895488062426174,0.7917701092353526,671.0
weighted avg,0.8476649469261661,0.8062593144560357,0.7964361244759116,671.0
