,precision,recall,f1-score,support
0.0,0.46853146853146854,0.4364820846905538,0.45193929173693087,307.0
1.0,0.5506493506493506,0.5824175824175825,0.5660881174899867,364.0
accuracy,0.5156482861400894,0.5156482861400894,0.5156482861400894,0.5156482861400894
macro avg,0.5095904095904096,0.5094498335540681,0.5090137046134587,671.0
weighted avg,0.5130782779068919,0.5156482861400894,0.5138620526521505,671.0
