,precision,recall,f1-score,support
0.0,0.8564102564102564,0.5439739413680782,0.6653386454183268,307.0
1.0,0.7058823529411765,0.9230769230769231,0.8000000000000002,364.0
accuracy,0.7496274217585693,0.7496274217585693,0.7496274217585693,0.7496274217585693
macro avg,0.7811463046757164,0.7335254322225007,0.7326693227091634,671.0
weighted avg,0.7747527946177898,0.7496274217585693,0.738388918246537,671.0
